{
    "IsEncrypted": false,
    "Values": {
        "AzureWebJobsStorage": "DefaultEndpointsProtocol=https;AccountName=lesegomasike;AccountKey=gQOPtPAImpz1NDdB8I2dAlzpNDAg1dkCqtxittwx8SYziMhswR8y+E5SAVWOB+sBBQxRbV3RdCiE+AStFh55LQ==;EndpointSuffix=core.windows.net", // this is your storage connection string once your function goes live/is published
        "FUNCTIONS_INPROC_NET8_ENABLED": "1",
        "FUNCTIONS_WORKER_RUNTIME": "dotnet",
        "storageConnectionString": "DefaultEndpointsProtocol=https;AccountName=lesegomasike;AccountKey=gQOPtPAImpz1NDdB8I2dAlzpNDAg1dkCqtxittwx8SYziMhswR8y+E5SAVWOB+sBBQxRbV3RdCiE+AStFh55LQ==;EndpointSuffix=core.windows.net"
    }
}